loc,scientific.name,spp,tree,easting,northing,lat,lon,dbh.in,dwtot.lb
FBIC,Abies balsamea,BF,1,485322,5067280,45.7589223571981,-87.18874110000458,8.5,390.3092587
FBIC,Abies balsamea,BF,2,485339,5067288,45.75899472350894,-87.18852274451372,11.2,622.9287859
FBIC,Abies balsamea,BF,3,485313,5067269,45.75882315851969,-87.18885649433294,5.8,131.576393
FBIC,Abies balsamea,BF,4,485338,5067289,45.759003702968386,-87.18853563354834,10.2,643.7747138
FBIC,Abies balsamea,BF,6,485023,5067441,45.76036504983247,-87.19259083748166,5.4,98.25897458
FBIC,Abies balsamea,BF,7,485049,5067472,45.76064463375037,-87.19225746092593,16,1597.958788
FBIC,Abies balsamea,BF,8,485340,5067303,45.75912975487882,-87.18851034043082,7.2,247.5950019
FBIC,Abies balsamea,BF,9,485277,5067361,45.75965045463867,-87.18932220732327,8.4,404.962156
FBIC,Abies balsamea,BF,10,485170,5067423,45.76020620831508,-87.19070000752987,6.4,202.9786265
FBIC,Abies balsamea,BF,11,485326,5067380,45.759822509785366,-87.18869269905348,4.5,61.39310606
FBIC,Abies balsamea,BF,12,485105,5067420,45.760177808187926,-87.19153574998029,4.1,58.58866178
FBIC,Abies balsamea,BF,13,485263,5067195,45.7581560438734,-87.18949717380478,2.5,22.70537677
FBIC,Abies balsamea,BF,14,485276,5067357,45.75961443062856,-87.1893349444248,1.3,4.168607274
FBIC,Abies balsamea,BF,15,485387,5067613,45.76192095963067,-87.18791534551448,8.5,347.199261
FBIC,Abies balsamea,BF,16,485313,5067383,45.75984923561839,-87.18885995599913,4.2,63.06137024
FBIC,Abies balsamea,BF,17,485243,5067424,45.76021677188115,-87.18976133114657,6.8,175.8100355
FBIC,Abies balsamea,BF,18,485314,5067425,45.760227285231096,-87.1888483723928,2.2,17.1503066
FBIC,Abies balsamea,BF,19,485312,5067387,45.7598852170644,-87.18887293639017,3.3,32.21756704
FBIC,Abies balsamea,BF,23,485285,5067613,45.76191879485199,-87.1892270036297,3.3,46.25213023
FBIC,Abies balsamea,BF,24,485565,5067785,45.763472817010104,-87.18563150731396,1.7,9.511537274
FBIC,Abies balsamea,BF,25,485336,5067291,45.75902166188289,-87.18856141162999,14,1238.013594
RF,Acer nigrum,BM,1,585729,4650999,42.00634465976747,-85.96474904617465,26.4,9996.669094
RF,Acer nigrum,BM,2,585785,4651033,42.00664473558356,-85.96406793747438,19.4,4742.203905
RF,Acer nigrum,BM,3,585834,4650944,42.00583793330344,-85.96348932216318,8.2,231.6794536
RF,Acer nigrum,BM,4,585822,4650991,42.00626248513438,-85.96362733851662,1.6,14.48176846
KF,Acer platanoides,NM,1,635641,4690971,42.35918318793859,-85.35289824121476,2.5,21.35196785
KF,Acer platanoides,NM,2,635670,4690950,42.358989079473815,-85.35255117237932,4.6,96.91542593
EL,Acer rubrum,RM,1,707630,4733028,42.72168976096393,-84.46413626236848,8.3,339.240216
KF,Acer rubrum,RM,1,635281,4691999,42.36850034696782,-85.35702683485746,11.9,1134.653724
EL,Acer rubrum,RM,2,707391,4733054,42.721988245434815,-84.46704295638878,14.1,802.7042324
KF,Acer rubrum,RM,2,635279,4691989,42.36841067121403,-85.35705346151825,7.9,439.8557857
KF,Acer rubrum,RM,3,635269,4692001,42.3685204397688,-85.35717204612563,20.7,4473.427324
KF,Acer rubrum,RM,4,635285,4691981,42.3683376081229,-85.35698249868395,4,82.20981292
KF,Acer rubrum,RM,5,636000,4691668,42.365395125922255,-85.34837624933836,13.6,1259.603202
KF,Acer rubrum,RM,6,635679,4692193,42.370177445314674,-85.35214944542506,12.3,1394.331499
KF,Acer rubrum,RM,7,635681,4692195,42.37019510094999,-85.35212469399895,2,12.45635815
KF,Acer rubrum,RM,8,635681,4692205,42.37028512447316,-85.35212234024391,2,13.04019471
KF,Acer rubrum,RM,9,635676,4692190,42.370150961851124,-85.35218657253822,12.2,1385.071179
KF,Acer rubrum,RM,10,635675,4692194,42.37018714579099,-85.3521977714147,9.5,706.968747
KF,Acer rubrum,RM,11,635676,4692191,42.370159964203864,-85.3521863371724,15.8,2088.690617
KF,Acer rubrum,RM,12,635694,4692186,42.37011181070582,-85.35196898814095,11.4,1185.172023
KF,Acer rubrum,RM,13,635690,4692193,42.37017552536884,-85.3520159017103,4.9,130.0260807
KF,Acer rubrum,RM,14,635675,4692192,42.370169141085476,-85.35219824214342,9.9,1008.419986
KF,Acer rubrum,RM,15,635661,4692194,42.37018958906237,-85.3523677361917,30.3,11151.33179
BL,Acer rubrum,RM,16,633951,4689705,42.34807898679687,-85.37370593760849,17,3309.839036
BL,Acer rubrum,RM,17,633950,4689696,42.347998136614784,-85.37372016282612,17.2,2286.174859
KF,Acer rubrum,RM,18,635930,4690996,42.35935778648396,-85.34938440642956,6.8,248.4288253
KF,Acer rubrum,RM,19,635285,4691985,42.36837361763194,-85.35698156001894,14.2,2137.479744
BL,Acer rubrum,RM,20,633976,4689694,42.34797565461369,-85.37340508596142,28.4,7278.294969
BL,Acer rubrum,RM,21,633976,4689693,42.34796665213053,-85.37340531811697,19.1,3377.327669
KF,Acer rubrum,RM,22,635502,4690960,42.35910839341572,-85.35458803996706,25.8,5115.363653
KF,Acer rubrum,RM,23,635807,4691406,42.36307024385297,-85.35078086129893,24.7,6705.110865
KF,Acer rubrum,RM,24,635842,4691414,42.363136148991146,-85.3503541131577,22,4867.21113
FBIC,Acer saccharum,SM,1,484590,5068131,45.76656598755418,-87.19818078580711,15.3,2565.103581
FBIC,Acer saccharum,SM,2,484618,5068006,45.765441528947086,-87.19781671640462,5.5,160.7899814
FBIC,Acer saccharum,SM,3,484512,5068077,45.766078207609326,-87.19918217133288,9.8,1122.131854
RF,Acer saccharum,SM,4,585534,4651066,42.0069692188864,-85.9670937069589,5.5,200.1939397
RF,Acer saccharum,SM,5,585785,4651045,42.00675279776827,-85.964066184172,17.7,4079.776313
RF,Acer saccharum,SM,6,585575,4651041,42.00673963325537,-85.9666023136817,7.2,436.4126408
RF,Acer saccharum,SM,7,585645,4651164,42.00783965860667,-85.96573918910579,27.5,9250.40566
RF,Acer saccharum,SM,8,585678,4651778,42.01336524771264,-85.9652511228753,30.2,16887.46805
RF,Acer saccharum,SM,9,585693,4651806,42.01361575952136,-85.96506590563816,10.4,1184.021175
AD,Acer saccharum,SM,9,627935,4667885,42.15264684268823,-85.45153280115034,6.5,239.0426093
RF,Acer saccharum,SM,10,585651,4651718,42.01282787593969,-85.96558591109343,4,106.2864855
RF,Acer saccharum,SM,11,585650,4651714,42.0127919640573,-85.96559856996747,2.7,35.76244398
RF,Acer saccharum,SM,12,585737,4651808,42.01362897783889,-85.9645342992158,12.4,1776.459467
RF,Acer saccharum,SM,13,585673,4650955,42.0059545279521,-85.96543160765137,14.1,2348.771459
RF,Acer saccharum,SM,14,585629,4651795,42.01352366841478,-85.96584033145027,15.9,3361.08353
RF,Acer saccharum,SM,15,585796,4650982,42.006184272523654,-85.96394257582226,32.8,13316.58341
RF,Acer saccharum,SM,16,585609,4651112,42.007375304838774,-85.96618144404833,24,8066.38065
RF,Acer saccharum,SM,17,585699,4650929,42.00571756316652,-85.96512148168715,22.7,4217.412183
RF,Acer saccharum,SM,18,585688,4651030,42.00662828435394,-85.96523955396103,25.5,8738.754568
RF,Acer saccharum,SM,19,585576,4651026,42.00660444670971,-85.96659242593672,20.2,6038.537198
EL,Acer saccharum,SM,20,707746,4733029,42.72166739154055,-84.46272049741717,15.3,1986.911696
EL,Acer saccharum,SM,21,707735,4733012,42.72151742301768,-84.46286095183687,18.8,3147.919832
EL,Acer saccharum,SM,22,707639,4733034,42.721741308169875,-84.46402424707978,20.6,4588.95706
KF,Betula alleghaniensis,YB,1,633730,4694531,42.39156287668144,-85.37526847324679,2.3,15.31525898
KF,Betula alleghaniensis,YB,2,633724,4694535,42.39159991928198,-85.37534041190887,5.3,183.9233194
KF,Betula alleghaniensis,YB,3,633736,4694532,42.391570846149556,-85.37519537340036,11.9,1151.728636
KF,Betula alleghaniensis,YB,4,633721,4694557,42.39179848902694,-85.37537173667607,9.5,524.0390767
NB,Carya cordiformis,BH,1,596520,4645378,41.95447942847272,-85.83538587714874,8,613.2632549
NB,Carya cordiformis,BH,2,596538,4645384,41.954531254600965,-85.83516774787739,13,1828.065745
NB,Carya cordiformis,BH,3,596279,4645279,41.9536174026025,-85.83830940521929,29.7,11385.34172
NB,Carya cordiformis,BH,4,596244,4645341,41.95417997741467,-85.83872149125952,19.5,5215.909318
NB,Carya cordiformis,BH,5,596271,4645377,41.95450085792127,-85.83838988725495,15.2,2633.498593
NB,Celtis occidentalis,HB,1,596497,4645394,41.95462632098241,-85.83566071802692,5.1,116.8052361
NB,Celtis occidentalis,HB,2,596504,4645394,41.954625464463014,-85.83557627240575,15.7,2371.182545
NB,Celtis occidentalis,HB,3,596496,4645401,41.95468947746687,-85.83567163427631,21.4,3921.432038
NB,Celtis occidentalis,HB,4,596488,4645338,41.95412314905035,-85.83577846937008,13.5,1723.265174
NB,Celtis occidentalis,HB,5,596498,4645374,41.95444610111068,-85.8356519327316,8.8,505.5066898
NB,Celtis occidentalis,HB,6,596509,4645381,41.954507789246435,-85.83551808529057,3.2,40.17938318
NB,Celtis occidentalis,HB,7,596264,4645368,41.95442066840484,-85.83847580447782,2.2,16.31560776
NB,Celtis occidentalis,HB,8,596466,4645396,41.95464812314702,-85.83603436380668,20.1,4179.538601
NB,Celtis occidentalis,HB,9,596491,4645345,41.9541858161556,-85.8357411313499,11.2,1039.151555
NB,Celtis occidentalis,HB,10,596517,4645340,41.954137610353165,-85.8354282980918,10.5,968.0884906
RF,Fagus grandifolia,AB,1,585630,4651099,42.007255953356506,-85.96592978295679,19.7,4622.87165
RF,Fagus grandifolia,AB,2,585792,4651070,42.00697716446784,-85.96397801296376,24.6,7822.502853
RF,Fagus grandifolia,AB,3,585512,4651022,42.006575380562424,-85.96736574500004,16.5,2764.699134
RF,Fagus grandifolia,AB,4,585586,4651093,42.007206707214216,-85.96646191921666,11.3,1125.599559
RF,Fagus grandifolia,AB,5,585496,4651047,42.0068022482023,-85.96755528864914,7.4,384.7461602
RF,Fagus grandifolia,AB,6,585496,4651068,42.00699135722715,-85.96755223067471,2.2,23.17750251
RF,Fagus grandifolia,AB,7,585756,4651172,42.007899615557804,-85.96439778079225,31.4,15394.62889
RF,Fagus grandifolia,AB,8,585645,4651158,42.007785627496276,-85.9657400643759,14,2446.559834
RF,Fagus grandifolia,AB,9,585699,4651178,42.00795985417881,-85.96508513687263,28,10884.66838
RF,Fagus grandifolia,AB,10,585668,4651090,42.00717077222319,-85.96547227942601,17.4,4392.6156
RF,Fagus grandifolia,AB,11,585656,4650972,42.00610946602129,-85.96563438356452,26,9336.024582
RF,Fagus grandifolia,AB,12,585652,4651117,42.00741565328252,-85.96566152623471,29.2,12582.79429
RF,Fagus grandifolia,AB,13,585670,4651087,42.007143539013725,-85.96544856895763,21.4,6599.731991
RF,Fagus grandifolia,AB,14,585665,4651040,42.00672083940502,-85.96551579705152,10,940.8539818
RF,Fagus grandifolia,AB,15,585619,4651113,42.00738322244803,-85.96606055672328,5.8,237.7172321
RF,Fagus grandifolia,AB,16,585505,4651019,42.00654912533174,-85.96745069991478,3.9,71.47803994
EL,Gleditsia triacanthos,HL,1,705059,4732427,42.71697332168871,-84.49572502409067,22.7,7813.231799
EL,Gleditsia triacanthos,HL,2,704622,4732301,42.71595623095792,-84.50110243012098,18.4,3313.827982
EL,Gleditsia triacanthos,HL,3,704850,4732521,42.7178747944537,-84.49824106148553,18,3565.922749
EL,Gleditsia triacanthos,HL,4,704711,4732398,42.71680522435823,-84.49998149371844,17,4003.809992
EL,Gleditsia triacanthos,HL,5,704675,4732371,42.71657189904166,-84.50043048886916,16.9,3289.905149
EL,Gleditsia triacanthos,HL,6,705076,4732456,42.71722969426483,-84.49550710666439,19.5,3832.677023
MC,Larix laricina,EL,1,715467,4667753,42.132280314603975,-84.39298019517712,4,70.86598837
MC,Larix laricina,EL,2,715474,4667750,42.132251399476466,-84.39289669196842,7.7,405.1748859
MC,Larix laricina,EL,3,715475,4667766,42.13239507853484,-84.39287869711467,9.1,527.2093135
MC,Larix laricina,EL,4,715466,4667754,42.132289586542434,-84.3929919132371,2.1,12.67136506
MC,Larix laricina,EL,5,715470,4667786,42.13257639503915,-84.39293174918254,11.1,998.1514467
MC,Larix laricina,EL,6,715470,4667766,42.13239645267669,-84.39293913356234,5.3,157.2724194
KF,Larix spp.,LZ,2,653513,4691219,42.35809322460466,-85.13591581061014,8.8,439.6466445
KF,Larix spp.,LZ,3,635141,4691118,42.36059358900221,-85.35893292332617,4.3,56.52050889
KF,Larix spp.,LZ,5,635064,4691086,42.36031888964393,-85.35987508484963,15.1,1407.693212
NW,Liriodendron tulipifera,TP,1,597412,4643737,41.93959279458492,-85.82489658098342,29,8435.44743
NW,Liriodendron tulipifera,TP,2,597458,4643710,41.93934398320552,-85.82434625157799,11.5,736.3650506
NW,Liriodendron tulipifera,TP,3,597461,4643712,41.9393616224023,-85.82430973853259,17.1,2473.479177
NW,Liriodendron tulipifera,TP,4,597455,4643709,41.93933534886029,-85.8243825991873,16.4,2127.954927
NW,Liriodendron tulipifera,TP,5,597451,4643704,41.93929081854843,-85.82443166915164,26.1,7091.071383
NW,Liriodendron tulipifera,TP,7,597481,4643756,41.93975536584373,-85.82406124353155,1.8,4.822052657
NW,Liriodendron tulipifera,TP,8,597494,4643755,41.93974475486989,-85.8239046185301,6.5,160.1568007
NW,Liriodendron tulipifera,TP,9,597438,4643722,41.939454511479866,-85.82458548155722,29.4,8215.02273
NW,Liriodendron tulipifera,TP,10,597490,4643676,41.93903386498243,-85.8239659343539,19.6,2718.257274
NW,Liriodendron tulipifera,TP,11,597490,4643678,41.93905187470757,-85.8239656034077,22.5,4236.847599
NW,Liriodendron tulipifera,TP,12,597478,4643686,41.93912539608724,-85.82410900787883,24.7,5415.708617
NW,Liriodendron tulipifera,TP,13,597461,4643690,41.9391635154087,-85.82431337789873,7.6,236.1818837
NW,Liriodendron tulipifera,TP,14,597460,4643691,41.9391726437826,-85.8243252731723,9.3,389.4560579
NW,Liriodendron tulipifera,TP,16,597492,4643768,41.93986206517428,-85.82392658886187,3.8,37.03489603
NW,Liriodendron tulipifera,TP,17,597405,4643753,41.939737736547116,-85.82497836110139,31.7,10594.11929
EL,Picea abies,NS,2,705156,4732102,42.7140234258024,-84.49465921555263,27.4,7093.805327
KF,Picea glauca,WS,1,635394,4691378,42.36289020009592,-85.35580083576342,11.5,996.8067565
KF,Picea glauca,WS,2,635394,4691380,42.36290820485695,-85.3558003661832,13.1,1185.214579
EL,Picea glauca,WS,3,707713,4733010,42.721505379386635,-84.46313012219181,11.1,1094.732749
EL,Picea glauca,WS,4,707702,4733019,42.72158932421218,-84.46326103986844,12.5,910.7160939
FBIC,Picea glauca,WS,5,485515,5067623,45.762013661646336,-87.18626964248301,7.1,186.5103184
FBIC,Picea glauca,WS,6,485508,5067624,45.76202251553397,-87.1863596883649,3.6,32.66978518
FBIC,Picea glauca,WS,7,485501,5067614,45.76193236194364,-87.18644940448424,2.7,22.59184166
FBIC,Picea glauca,WS,8,485511,5067636,45.76213058653014,-87.18632146963485,5.9,104.1138881
FBIC,Picea glauca,WS,9,485505,5067613,45.76192344519669,-87.18639793692063,11.8,665.3902648
FBIC,Picea glauca,WS,10,485513,5067611,45.76190561163312,-87.18629500184241,16,1747.637811
FBIC,Picea glauca,WS,11,485520,5067603,45.76183375297831,-87.18620474656812,20.3,2418.791839
EL,Pinus nigra,UP,1,707506,4733010,42.72156133024956,-84.46565587191972,21.6,4195.13731
EL,Pinus nigra,UP,2,707336,4733154,42.722902765981665,-84.46767744399746,14.8,1585.400099
EL,Pinus nigra,UP,3,707331,4733136,42.7227421748123,-84.4677450440421,21.1,3855.109029
GA,Pinus resinosa,RP,1,635477,4692511,42.373075425705686,-85.35452705371601,12,900.3606665
GA,Pinus resinosa,RP,2,636813,4690150,42.35158698739502,-85.33886702104776,5.9,39.83113692
KF,Pinus resinosa,RP,4,635563,4691242,42.36163643236521,-85.35378132371966,18,2026.017472
KF,Pinus resinosa,RP,5,635556,4691196,42.36122354345176,-85.35387710710533,16,1704.161065
GA,Pinus resinosa,RP,7,636804,4690118,42.35130049593477,-85.3389838382419,9.4,272.8344487
GA,Pinus resinosa,RP,8,636891,4690105,42.35116816072912,-85.33793103652687,2.1,7.737438257
GA,Pinus resinosa,RP,9,636888,4690106,42.35117769096794,-85.3379672090655,3.9,25.51587288
KF,Pinus resinosa,RP,10,635550,4691179,42.361071548980604,-85.35395393453054,19.4,2393.18844
WW,Pinus resinosa,RP,11,689969,4949414,44.672944802731564,-84.60329832131025,26.8,5053.658342
WW,Pinus resinosa,RP,12,689845,4949218,44.67121467674284,-84.60493402742479,24.4,4014.305401
WW,Pinus resinosa,RP,13,689998,4949361,44.672460415111146,-84.6029524305042,22.4,3552.601977
ASGA,Pinus strobus,WP,1,578421,4711173,42.54897264544619,-86.04483814103858,2.6,12.1995295
ASGA,Pinus strobus,WP,2,578426,4711206,42.549269287930926,-86.04477271844449,4.5,58.39426349
ASGA,Pinus strobus,WP,3,578399,4711130,42.548587682901875,-86.04511196533248,16.5,1526.533705
ASGA,Pinus strobus,WP,4,578310,4710935,42.54684082218295,-86.04622255954287,20.3,2578.835906
ASGA,Pinus strobus,WP,5,578407,4711092,42.54824469805099,-86.0450197560012,9.7,415.4054898
ASGA,Pinus strobus,WP,6,578448,4711172,42.548960899429275,-86.04450946490228,12.5,699.0184661
ASGA,Pinus strobus,WP,7,580939,4714463,42.57833753820973,-86.0137068753422,32,8886.303968
ASGA,Pinus strobus,WP,8,580818,4714403,42.577809954369826,-86.01518962741481,26.5,4430.008512
ASGA,Pinus strobus,WP,9,578427,4711204,42.54925117730831,-86.04476081473304,5.8,130.3719022
ASGA,Pinus strobus,WP,10,582224,4716100,42.59294183691416,-85.9978145484775,24.2,4720.21837
ASGA,Pinus strobus,WP,11,582274,4716115,42.59307157036086,-85.99720304985841,8.3,257.7839212
ASGA,Pinus strobus,WP,12,580873,4714403,42.57780419247341,-86.01451951956463,30.9,7873.395076
ASGA,Pinus strobus,WP,13,578426,4711219,42.54938634705412,-86.04477093340557,14.7,1131.246142
ASGA,Pinus strobus,WP,14,582269,4716086,42.59281097750267,-85.99726816969822,22.4,3681.596408
ASGA,Pinus strobus,WP,15,578329,4710994,42.547370164695515,-86.04598308965699,18.2,2144.081943
ASGA,Pinus strobus,WP,16,581008,4714348,42.577294790017625,-86.0128825221394,28.7,5978.178962
LA,Populus deltoides,CW,1,627412,4703833,42.47636786574798,-85.44993734155294,40.9,15796.24232
LA,Populus deltoides,CW,2,626266,4703217,42.47100989614554,-85.46401004537408,11.5,1085.071332
LA,Populus deltoides,CW,3,626286,4703174,42.47061952055838,-85.46377630490053,19.1,2693.165037
LA,Populus deltoides,CW,4,626271,4703189,42.470757006007624,-85.4639554080896,14.1,1135.895616
LA,Populus deltoides,CW,5,626854,4704918,42.48622732043317,-85.45648330556625,18.6,1659.296236
TRC,Populus deltoides,CW,7,707390,4728216,42.678462219035204,-84.46882489296257,9.1,353.3706723
TRC,Populus deltoides,CW,8,707384,4728214,42.67844584304697,-84.4688987835349,6,111.3715585
TRC,Populus deltoides,CW,9,707393,4728217,42.678470407011034,-84.46878794766262,2.8,13.7145128
TRC,Populus deltoides,CW,10,707386,4728220,42.6784992846211,-84.46887220462213,8.1,252.6171934
TRC,Populus deltoides,CW,11,707504,4728230,42.678557430717845,-84.46742973944086,6.4,129.8397363
ASGA,Populus tremuloides,TA,1,590254,4720019,42.62733086967221,-85.89933666741916,8.9,409.4936882
ASGA,Populus tremuloides,TA,2,590251,4720023,42.627367237183854,-85.89937261180684,11.4,857.4132456
ASGA,Populus tremuloides,TA,3,590241,4719959,42.62679215166551,-85.89950469349283,6.1,183.2178485
ASGA,Populus tremuloides,TA,4,590257,4719946,42.62667322515185,-85.8993116698366,14.4,1429.276746
ASGA,Populus tremuloides,TA,5,590258,4720024,42.6273754211161,-85.89928710221633,9.1,846.2514668
ASGA,Populus tremuloides,TA,6,590097,4719962,42.626836017664864,-85.90125999380308,16.4,1464.475594
ASGA,Populus tremuloides,TA,7,590281,4719962,42.6268144772835,-85.89901650230091,2.8,24.86812853
ASGA,Populus tremuloides,TA,8,590258,4719946,42.62667310799627,-85.89929947698111,4.1,63.54641624
RF,Prunus serotina,BC,1,585738,4651773,42.013313687856,-85.96452733664215,28,8459.914435
RF,Prunus serotina,BC,2,585489,4652087,42.016168400255395,-85.96748834159435,26.5,7863.230899
ASGA,Prunus serotina,BC,3,590085,4719957,42.62679240084127,-85.90140710027724,9.9,537.6483866
ASGA,Prunus serotina,BC,4,590093,4719953,42.62675544925891,-85.9013101906158,14,1501.453303
RF,Prunus serotina,BC,5,585829,4651780,42.01336680544646,-85.96342746403751,20.5,2735.581994
ASGA,Prunus serotina,BC,6,590226,4720038,42.6275052257505,-85.89967505764157,4.3,65.94371063
RF,Prunus serotina,BC,7,585595,4652251,42.01763372631786,-85.96618438418378,9.6,683.12103
AL,Prunus serotina,BC,9,686910,4673714,42.193254801736046,-84.73630937924129,22.7,4427.556004
AL,Prunus serotina,BC,10,686805,4673682,42.19299190343696,-84.73759036261221,15.7,2240.433215
MC,Quercus alba,WO,2,715062,4666987,42.12549968789116,-84.39815778853895,4,69.80983297
MC,Quercus alba,WO,3,712885,4669276,42.14668859006472,-84.42363429491881,27.2,11020.01202
MC,Quercus alba,WO,4,712888,4669245,42.146408858313734,-84.42360934082191,23.3,8960.768072
MC,Quercus alba,WO,5,715052,4666997,42.12559240189292,-84.39827496510279,16.4,2354.875678
MC,Quercus alba,WO,6,715056,4667002,42.125636290807066,-84.39822477900493,17.9,3149.151856
MC,Quercus alba,WO,7,715029,4666991,42.12554472577189,-84.39855515425437,13.5,1529.537177
MC,Quercus alba,WO,8,715449,4667162,42.12696796012164,-84.39341592154015,5.9,173.8297248
MC,Quercus alba,WO,9,715172,4666968,42.125298567891775,-84.39683532930184,19.3,4049.344423
MC,Quercus alba,WO,10,715149,4666988,42.1254848214213,-84.39710593610943,21.3,5161.562827
MC,Quercus alba,WO,11,715001,4666946,42.125147530065746,-84.39891013619415,11,1171.277356
MC,Quercus alba,WO,12,715097,4666999,42.12559805469837,-84.39773035621931,11.3,1107.063339
MC,Quercus alba,WO,13,715020,4666961,42.12527727839073,-84.39867497812045,2.5,25.19424938
MC,Quercus alba,WO,14,715064,4666797,42.1237896775071,-84.39820360814348,31.5,12984.93021
MC,Quercus alba,WO,15,715465,4667339,42.12855605556169,-84.3931572067899,29.4,12828.20066
MC,Quercus alba,WO,16,715269,4667566,42.130652239391125,-84.39544245371454,25.4,8373.695334
EL,Quercus robur,EO,1,707300,4733193,42.72326335542981,-84.46810243910012,26.3,5262.273332
EL,Quercus robur,EO,2,707277,4733190,42.72324257279834,-84.46838418469412,24.4,4736.296943
MC,Quercus rubra,RO,1,715048,4667314,42.128445600054356,-84.39820652833751,17.4,3136.360184
MC,Quercus rubra,RO,2,715500,4667306,42.12824953234732,-84.3927463606188,1.9,13.93945959
MC,Quercus rubra,RO,3,715504,4667333,42.12849135535951,-84.39268804621958,4.6,122.7691132
MC,Quercus rubra,RO,4,715503,4667314,42.12832068485531,-84.39270714754637,10.5,1185.863229
MC,Quercus rubra,RO,5,715504,4667328,42.128446369746136,-84.39268989222916,12.3,1574.919359
MC,Quercus rubra,RO,6,715499,4667326,42.128429749637355,-84.39275106329981,5.6,212.6397766
MC,Quercus rubra,RO,7,715116,4667213,42.12751823526475,-84.39742186201119,21.5,6047.47353
MC,Quercus rubra,RO,8,715508,4667335,42.1285082502694,-84.39263896162176,8.5,588.0162592
MC,Quercus rubra,RO,9,715111,4667231,42.12768155573567,-84.39747566080945,25,8353.050435
MC,Quercus rubra,RO,10,715521,4667320,42.128369720470126,-84.3924873749702,15.7,2699.91333
MC,Quercus rubra,RO,11,715109,4667184,42.12725923791722,-84.39751715351534,27.8,8108.986292
KF,Quercus rubra,RO,12,634869,4691683,42.36572717159087,-85.36210246458965,32.8,13569.24402
MC,Quercus rubra,RO,13,715123,4667000,42.125599920024605,-84.39741575064542,23.6,6580.813628
MC,Quercus rubra,RO,14,715511,4667341,42.12856140848622,-84.39260048668815,14.8,2400.034698
KF,Quercus rubra,RO,15,634497,4691893,42.3676821204991,-85.36656939269727,19.7,3550.510794
RF,Quercus rubra,RO,16,585787,4651745,42.013056203577705,-85.96393974114265,30.7,11603.15365
LC,Thuja occidentalis,WC,1,643916,4907012,44.30211626035218,-85.19578406601961,6.1,79.75429342
LC,Thuja occidentalis,WC,3,643849,4906974,44.3017875762177,-85.19663407521554,4.6,51.63075359
EL,Thuja occidentalis,WC,3,705172,4732087,42.713884199380395,-84.49446943967604,12.1,476.8494913
LC,Thuja occidentalis,WC,4,643865,4906988,44.3019103898285,-85.19642973146222,7.9,211.4205524
LC,Thuja occidentalis,WC,5,643788,4906927,44.301376711701145,-85.19741137215719,10.1,365.9580208
LC,Thuja occidentalis,WC,6,643756,4906977,44.301832969017305,-85.19779857258708,13.6,580.0997302
LC,Thuja occidentalis,WC,7,643500,4907386,44.305563969828214,-85.20089391509619,11.9,454.2937745
LC,Thuja occidentalis,WC,8,643518,4907378,44.305488427267754,-85.20067055349155,19.8,1382.283496
LC,Thuja occidentalis,WC,9,643504,4907387,44.3055721786856,-85.20084351540979,18.6,1121.763494
NW,Tilia americana,BA,1,597458,4643744,41.93965014855024,-85.82434062720932,5.5,88.2798391
TNRC,Tilia americana,BA,9,569147,4716679,42.59943883038037,-86.15711464226834,28.1,7688.852943
LC,Tsuga canadensis,EH,1,643908,4906931,44.301388960621786,-85.19590663782353,19.9,2100.499234
LC,Tsuga canadensis,EH,2,643882,4907004,44.30205100225412,-85.19621230522804,4.9,57.27910374
LC,Tsuga canadensis,EH,3,643890,4906996,44.301977430277574,-85.19611426700841,2.2,9.000624151
LC,Tsuga canadensis,EH,4,643779,4906994,44.301981395982466,-85.19750569201506,11.6,668.5925221
LC,Tsuga canadensis,EH,5,643899,4906875,44.300886822663706,-85.19603484570665,7.2,201.6368031
LC,Tsuga canadensis,EH,6,643859,4907016,44.30216353703198,-85.19649719777227,10.6,445.3222221
LC,Tsuga canadensis,EH,7,643872,4907012,44.30212496998431,-85.19633540453967,6.8,193.9149982
LC,Tsuga canadensis,EH,8,643777,4906999,44.3020267844009,-85.1975293757545,24.4,3570.955962
LC,Tsuga canadensis,EH,9,643895,4906884,44.300968601506526,-85.19608248573165,29.9,4722.926575
LC,Tsuga canadensis,EH,10,643913,4906920,44.30128898661934,-85.1958470188034,25.9,4302.284331
LC,Tsuga canadensis,EH,11,643301,4907568,44.307240974389565,-85.2033376531304,32.3,7976.223094
LC,Tsuga canadensis,EH,12,643286,4907579,44.30734291621802,-85.20352260652416,28.9,5481.154953
LC,Tsuga canadensis,EH,13,643877,4907011,44.302114981824346,-85.19627302802839,14.6,1073.449704
LC,Tsuga canadensis,EH,14,643803,4906983,44.30187766444966,-85.19720799249649,21.1,3849.47962
LC,Tsuga canadensis,EH,15,643800,4907018,44.302193207778735,-85.1972359426278,17.7,2031.914672
LC,Tsuga canadensis,EH,16,643843,4907014,44.302148706099636,-85.19669823580014,15.5,1785.527694
KF,Ulmus americana,AE,1,634949,4691791,42.36668554941106,-85.36110602331601,1.6,4.835301418
KF,Ulmus americana,AE,3,634889,4691715,42.36601177893629,-85.36185218737272,6.5,210.795437
KF,Ulmus americana,AE,4,634944,4691799,42.366758436452535,-85.36116484947587,10.1,846.0413142
AD,Ulmus americana,AE,8,627934,4667881,42.15261099349271,-85.45154577841474,9.7,480.2241645
TG,Tilia americana,BA,2,297676,4708569,42.5030398759474,-83.46242905706137,26.4,5698.152625
TG,Tilia americana,BA,3,297664,4708568,42.5030277412457,-83.46257462124551,18.6,2252.719599
TG,Tilia americana,BA,4,297667,4708570,42.50304652063644,-83.46253884850978,10.9,524.2081761
TG,Tilia americana,BA,5,297739,4708452,42.50200362980385,-83.46162166749026,11.6,845.4452573
TG,Tilia americana,BA,6,297928,4708407,42.50164810799543,-83.45930762246064,21.9,3565.111467
TG,Tilia americana,BA,7,298016,4708407,42.50167107841839,-83.45823758126177,24.2,4671.142792
TG,Tilia americana,BA,8,298032,4708426,42.5018462076954,-83.45804972866131,16.7,1473.150679
TG,Tilia americana,BA,10,297394,4708087,42.49862929734221,-83.46568760347225,19.6,2836.013565
TG,Tilia americana,BA,11,297841,4708408,42.50163438634767,-83.46036585585765,14.5,1526.516724
TG,Tilia americana,BA,13,297829,4708390,42.5014692958564,-83.46050541619135,8.9,290.9268369
